ltable_Beer_Name,rtable_Beer_Name,ltable_Brew_Factory_Name,rtable_Brew_Factory_Name,ltable_Style,rtable_Style,ltable_ABV,rtable_ABV
C N Red Imperial Red Ale,Kinetic Infrared Imperial Red Ale,Redwood Lodge,Kinetic Brewing Company,American Amber / Red Ale,American Strong Ale,8.10%,9.30%
Mountain Series : Love Rhino ( Imperial Red Ale ),Kinetic Infrared Imperial Red Ale,Breckenridge Brewery,Kinetic Brewing Company,American Amber / Red Ale,American Strong Ale,8.90%,9.30%
Arthur 's Imperial Red Ale,Kinetic Infrared Imperial Red Ale,Otto 's Pub and Brewery,Kinetic Brewing Company,American Amber / Red Ale,American Strong Ale,6.90%,9.30%
Deranger Imperial Red Ale,Kinetic Infrared Imperial Red Ale,Laurelwood Public House & Brewery,Kinetic Brewing Company,American Amber / Red Ale,American Strong Ale,8.60%,9.30%
Red Shedman 's Imperial Amber Ale,Kinetic Infrared Imperial Red Ale,57 Brew Pub & Bistro,Kinetic Brewing Company,American Amber / Red Ale,American Strong Ale,7.60%,9.30%
C N Red Imperial Red Ale,Ballast Point Tongue Buckler Imperial Red Ale,Redwood Lodge,Ballast Point Brewing Company,American Amber / Red Ale,American Strong Ale,8.10%,10%
Double Dread Imperial Red Ale,Ballast Point Tongue Buckler Imperial Red Ale,Mad River Brewing Company,Ballast Point Brewing Company,American Amber / Red Ale,American Strong Ale,8.60%,10%
West Sixth / Country Boy Country Western ( Volume 3 Imperial Red Ale ),Ballast Point Tongue Buckler Imperial Red Ale,West Sixth Brewing Company,Ballast Point Brewing Company,American Amber / Red Ale,American Strong Ale,13.00%,10%
C N Red Imperial Red Ale,Tumbledown Imp Imperial Red Ale,Redwood Lodge,Tumbledown Brewing LLC,American Amber / Red Ale,American Strong Ale,8.10%,7.80%
Roundabout Imperial Red Ale,Tumbledown Imp Imperial Red Ale,Bonfire Brewing Co. .,Tumbledown Brewing LLC,American Amber / Red Ale,American Strong Ale,8.80%,7.80%
Merry Prankster Imperial Red Ale,Tumbledown Imp Imperial Red Ale,Rock Bottom Restaurant & Brewery,Tumbledown Brewing LLC,American Amber / Red Ale,American Strong Ale,4.56%,7.80%
Mountain Series : Love Rhino ( Imperial Red Ale ),Tumbledown Imp Imperial Red Ale,Breckenridge Brewery,Tumbledown Brewing LLC,American Amber / Red Ale,American Strong Ale,8.90%,7.80%
6th Anniversary Ale ( Dirty Hippie Imperial Red Ale ),Tumbledown Imp Imperial Red Ale,Kern River Brewing Company,Tumbledown Brewing LLC,American Amber / Red Ale,American Strong Ale,8.00%,7.80%
Ale Mania Imperial Red Ale,Tumbledown Imp Imperial Red Ale,Ale-Mania,Tumbledown Brewing LLC,American Amber / Red Ale,American Strong Ale,9.50%,7.80%
Sanibel Red Island Ale,Point Ybel Sanibel Red Island Ale,Point Ybel Brewing Company,Point Ybel Brewing Company,American Amber / Red Ale,Irish Ale,5.60%,5.60%
Kniksen India Red Ale,Boneyard Skunkape India Red Ale,7 Fjell Bryggeri,Boneyard Beer Company,American Amber / Red Ale,India Pale Ale &#40; IPA &#41;,6.80%,6.50%
Kniksen India Red Ale,Good People Stepchild Belgian India Red Ale,7 Fjell Bryggeri,Good People Brewing Company,American Amber / Red Ale,India Pale Ale &#40; IPA &#41;,6.80%,7.80%
Street Cred India Rye Red Ale,Good People Stepchild Belgian India Red Ale,Roaring Fork Beer Company,Good People Brewing Company,American Amber / Red Ale,India Pale Ale &#40; IPA &#41;,7.20%,7.80%
Buffalo Trace Bourbon Barrel Aged Amber Ale,Ballast Point Calico Amber Ale - Rum Barrel Aged,Wolf Hills Brewing Company,Ballast Point Brewing Company,American Amber / Red Ale,Amber Ale,-,5%
Barrel Aged Red Ale,Ballast Point Calico Amber Ale - Rum Barrel Aged,BearWaters Brewing Co. .,Ballast Point Brewing Company,American Amber / Red Ale,Amber Ale,6.70%,5%
Buffalo Trace Bourbon Barrel Aged Amber Ale,Barley_s Barrel Aged Ulysses Imperial Red Ale,Wolf Hills Brewing Company,Barley_s Brewing Company,American Amber / Red Ale,American Strong Ale,-,8.60%
Barrel Aged Red Ale,Barley_s Barrel Aged Ulysses Imperial Red Ale,BearWaters Brewing Co. .,Barley_s Brewing Company,American Amber / Red Ale,American Strong Ale,6.70%,8.60%
Buffalo Trace Bourbon Barrel Aged Amber Ale,Barrel Trolley Amber Ale,Wolf Hills Brewing Company,Genesee Brewing Company &#40; North American Breweries &#41;,American Amber / Red Ale,Amber Ale,-,-
Poor Richard 's Ale,21st Amendment Poor Richards Ale,Dry Dock Brewing Co. .,21st Amendment Brewery,American Amber / Red Ale,Traditional Ale,6.50%,7%
Redeemer Imperial Red Ale,Laurelwood Organic Deranger Imperial Red Ale,Boston Beer Works - Canal Street,Laurelwood Public House & Brewery,American Amber / Red Ale,American Strong Ale,8.20%,8.60%
Barrel Aged Imperial Red Ale,Laurelwood Organic Deranger Imperial Red Ale,Boone Valley Brewing,Laurelwood Public House & Brewery,American Amber / Red Ale,American Strong Ale,9.99%,8.60%
Big Axe Red Ale,Big Spruce Ready Yer Knot ... Regatta Red Ale,Big Axe Brewing Company,Big Spruce Brewing,American Amber / Red Ale,Amber Ale,6.80%,-
Roundabout Imperial Red Ale,Anacapa Riptide Imperial Red Ale,Bonfire Brewing Co. .,Anacapa Brewing Company,American Amber / Red Ale,American Strong Ale,8.80%,8%
Sledgehammer Imperial Red Ale,Anacapa Riptide Imperial Red Ale,Cambridge Brewing Company,Anacapa Brewing Company,American Amber / Red Ale,American Strong Ale,7.75%,8%
Roundabout Imperial Red Ale,AleSmith YuleSmith &#40; Winter &#41; Imperial Red Ale,Bonfire Brewing Co. .,AleSmith Brewing Company,American Amber / Red Ale,American Strong Ale,8.80%,8.50%
Stupiphany Imperial Red Ale,AleSmith YuleSmith &#40; Winter &#41; Imperial Red Ale,Rusty Truck Brewing Company / Roadhouse 101,AleSmith Brewing Company,American Amber / Red Ale,American Strong Ale,8.00%,8.50%
Roundabout Imperial Red Ale,Marble Imperial Red Ale,Bonfire Brewing Co. .,Marble Brewery,American Amber / Red Ale,American Strong Ale,8.80%,9%
Merry Prankster Imperial Red Ale,Marble Imperial Red Ale,Rock Bottom Restaurant & Brewery,Marble Brewery,American Amber / Red Ale,American Strong Ale,4.56%,9%
Roundabout Imperial Red Ale,Peter Bs Sum Of Hours Imperial Red Ale,Bonfire Brewing Co. .,Peter Bs Brewpub,American Amber / Red Ale,American Strong Ale,8.80%,9.50%
Red-oric - Beer Camp # 65 ( Best Of Beer Camp : Imperial Red Ale ),Peter Bs Sum Of Hours Imperial Red Ale,Sierra Nevada Brewing Co. .,Peter Bs Brewpub,American Amber / Red Ale,American Strong Ale,8.00%,9.50%
Double Mongrel Imperial India Red Ale,Peter Bs Sum Of Hours Imperial Red Ale,Aspetuck Brew Lab,Peter Bs Brewpub,American Amber / Red Ale,American Strong Ale,9.00%,9.50%
Extra Special Red Ale,Ecliptic Phobos Extra Red Ale,Alpha Brewing Company,Ecliptic Brewing,American Amber / Red Ale,Amber Ale,5.00%,5.20%
Aorta Ale ( Double Red Ale ),Destihl Barrel Aged Deadhead Double Red Ale,Short 's Brewing Company,Destihl Brewery,American Amber / Red Ale,American Strong Ale,8.30%,-
Double Red Hot Ale,Destihl Barrel Aged Deadhead Double Red Ale,Midnight Sun Brewing Co. .,Destihl Brewery,American Amber / Red Ale,American Strong Ale,7.57%,-
Aorta Ale ( Double Red Ale ),Wildcard Double Down Imperial Red Ale,Short 's Brewing Company,Wildcard Brewing Company,American Amber / Red Ale,American Strong Ale,8.30%,7.50%
Dread Double Red Ale,Wildcard Double Down Imperial Red Ale,Bullfrog Brewery,Wildcard Brewing Company,American Amber / Red Ale,American Strong Ale,7.80%,7.50%
Double Dragon Imperial Red Ale,Wildcard Double Down Imperial Red Ale,Phillips Brewing Company,Wildcard Brewing Company,American Amber / Red Ale,American Strong Ale,8.20%,7.50%
Three Sheets Barleywine ( Barrel Aged ),&#40; 512 &#41; Cabernet Barrel Aged Three,Ballast Point Brewing Company,&#40; 512 &#41; Brewing Company,American Barleywine,Abbey Tripel,9.00%,9.50%
Peak Organic The Maple Collaboration,Peak Organic The Maple Collaboration,Peak Organic Brewing Company,Shipyard Brewing Company,American Amber / Red Ale,Amber Ale,7.00%,6.70%
Bourbon Barrel Red Oak Ale,Ballast Point Tongue Buckler Imperial Red Ale - Bourbon Barrel Aged,Tornado Brewing Company,Ballast Point Brewing Company,American Amber / Red Ale,American Strong Ale,-,10%
Broadhead Bourbon Barrel Aged Red,Ballast Point Tongue Buckler Imperial Red Ale - Bourbon Barrel Aged,Bainbridge Island Brewing Company,Ballast Point Brewing Company,American Amber / Red Ale,American Strong Ale,8.50%,10%
Red Dirt Imperial Red Ale,Ballast Point Tongue Buckler Imperial Red Ale - Bourbon Barrel Aged,Wiley Roots Brewing Co,Ballast Point Brewing Company,American Amber / Red Ale,American Strong Ale,8.20%,10%
Double Dread Imperial Red Ale,Ballast Point Tongue Buckler Imperial Red Ale - Bourbon Barrel Aged,Mad River Brewing Company,Ballast Point Brewing Company,American Amber / Red Ale,American Strong Ale,8.60%,10%
Ro Shampo Imperial Red Ale,Ballast Point Tongue Buckler Imperial Red Ale - Bourbon Barrel Aged,Figure 8 Brewing,Ballast Point Brewing Company,American Amber / Red Ale,American Strong Ale,7.50%,10%
Ulysses Imperial Red Ale,Ballast Point Tongue Buckler Imperial Red Ale - Bourbon Barrel Aged,Barley 's Brewing Company,Ballast Point Brewing Company,American Amber / Red Ale,American Strong Ale,-,10%
John Barleycorn - Bourbon Barrel Aged,AleSmith Old Numbskull - Bourbon Barrel Aged,Mad River Brewing Company,AleSmith Brewing Company,American Barleywine,Barley Wine,12.50%,11%
Bourbon Barrel Aged Panama Red Ale,AleSmith Old Numbskull - Bourbon Barrel Aged,Flossmoor Station Restaurant & Brewery,AleSmith Brewing Company,American Amber / Red Ale,Barley Wine,7.00%,11%
Royal Amber Ale,Kalamazoo Royal Amber Ale,Hops Grillhouse & Brewery,Bells Brewery,American Amber / Red Ale,Amber Ale,4.50%,-
The Gentle Mongoose,Holy City The Gentle Mongoose,Holy City Brewing,Holy City Brewing,American Amber / Red Ale,Amber Ale,6.90%,6.90%
Hop Around Imperial Red Ale,ShuBrew Heart and Sole Imperial Red Ale,Big Bay Brewing Co. .,ShuBrew,American Amber / Red Ale,American Strong Ale,9.00%,6.80%
Lavery Imperial Red Ale,ShuBrew Heart and Sole Imperial Red Ale,Lavery Brewing Company,ShuBrew,American Amber / Red Ale,American Strong Ale,8.20%,6.80%
Photobomb Imperial Red Ale,ShuBrew Heart and Sole Imperial Red Ale,Crooked Ladder Brewing Company,ShuBrew,American Amber / Red Ale,American Strong Ale,8.50%,6.80%
Tongue Buckler - Imperial Red Ale,ShuBrew Heart and Sole Imperial Red Ale,Ballast Point Brewing Company,ShuBrew,American Amber / Red Ale,American Strong Ale,10.00%,6.80%
Imperial Red Ale,ShuBrew Heart and Sole Imperial Red Ale,Epic Brewing Company,ShuBrew,American Amber / Red Ale,American Strong Ale,7.70%,6.80%
Hop Around Imperial Red Ale,Austin Beerworks Battle Axe Imperial Red Ale,Big Bay Brewing Co. .,Austin Beerworks,American Amber / Red Ale,American Strong Ale,9.00%,8%
Hop Around Imperial Red Ale,Speakeasy Wet Hop Prohibition Red Ale,Big Bay Brewing Co. .,Speakeasy Ales and Lagers,American Amber / Red Ale,Amber Ale,9.00%,6.10%
Hop Around Imperial Red Ale,Ale Mania Imperial Red Ale,Big Bay Brewing Co. .,Ale Mania &#40; Fritz Ale &#41;,American Amber / Red Ale,American Strong Ale,9.00%,9.50%
Batch 200 _ `` Olympus Mons Imperial Red Ale,Ale Mania Imperial Red Ale,Due South Brewing Co. .,Ale Mania &#40; Fritz Ale &#41;,American Amber / Red Ale,American Strong Ale,9.20%,9.50%
Eruption Imperial Red Ale,Ale Mania Imperial Red Ale,Worthy Brewing Co. .,Ale Mania &#40; Fritz Ale &#41;,American Amber / Red Ale,American Strong Ale,8.00%,9.50%
Deranger Imperial Red Ale,Ale Mania Imperial Red Ale,Laurelwood Public House & Brewery,Ale Mania &#40; Fritz Ale &#41;,American Amber / Red Ale,American Strong Ale,8.60%,9.50%
Hop Around Imperial Red Ale,Laguna Beach Grateful Red Imperial Red Ale,Big Bay Brewing Co. .,Laguna Beach Brewing,American Amber / Red Ale,American Strong Ale,9.00%,11%
Red Dirt Imperial Red Ale,Laguna Beach Grateful Red Imperial Red Ale,Wiley Roots Brewing Co,Laguna Beach Brewing,American Amber / Red Ale,American Strong Ale,8.20%,11%
Hop Around Imperial Red Ale,Wynwood Fox Imperial Red Ale,Big Bay Brewing Co. .,Wynwood Brewing Company,American Amber / Red Ale,American Strong Ale,9.00%,7.70%
Arsenal Imperial Red Ale,Wynwood Fox Imperial Red Ale,Great River Brewery,Wynwood Brewing Company,American Amber / Red Ale,American Strong Ale,9.00%,7.70%
3 Sisters American Red Ale,Saimaan Brewer_s Special American Red Ale,Wild Ride Brewing Co. .,Saimaan Juomatehdas,American Amber / Red Ale,Amber Ale,6.00%,4.70%
All American Red Ale,Saimaan Brewer_s Special American Red Ale,Centennial Beer Co. .,Saimaan Juomatehdas,American Amber / Red Ale,Amber Ale,5.00%,4.70%
3 Sisters American Red Ale,Black Shirt American India Red Ale,Wild Ride Brewing Co. .,Black Shirt Brewing Company,American Amber / Red Ale,American Strong Ale,6.00%,7.09%
3 Sisters American Red Ale,Stadin American Red Ale,Wild Ride Brewing Co. .,Stadin Panimo,American Amber / Red Ale,Amber Ale,6.00%,4.50%
All American Red Ale,Stadin American Red Ale,Centennial Beer Co. .,Stadin Panimo,American Amber / Red Ale,Amber Ale,5.00%,4.50%
3 Sisters American Red Ale,Radiant Pig Gangster Duck American Red Ale,Wild Ride Brewing Co. .,Radiant Pig Beer Company,American Amber / Red Ale,Amber Ale,6.00%,6.20%
Mountain Series : Love Rhino ( Imperial Red Ale ),Madhouse Venture Series Oak Aged Imperial Red,Breckenridge Brewery,Madhouse Brewing Company,American Amber / Red Ale,American Strong Ale,8.90%,8.50%
Mountain Series : Love Rhino ( Imperial Red Ale ),Two Brothers Revelry Imperial Red Ale,Breckenridge Brewery,Two Brothers Brewing Company,American Amber / Red Ale,American Strong Ale,8.90%,9.50%
6th Anniversary Ale ( Dirty Hippie Imperial Red Ale ),Two Brothers Revelry Imperial Red Ale,Kern River Brewing Company,Two Brothers Brewing Company,American Amber / Red Ale,American Strong Ale,8.00%,9.50%
Lavery Imperial Red Ale,Two Brothers Revelry Imperial Red Ale,Lavery Brewing Company,Two Brothers Brewing Company,American Amber / Red Ale,American Strong Ale,8.20%,9.50%
Arthur 's Imperial Red Ale,Two Brothers Revelry Imperial Red Ale,Otto 's Pub and Brewery,Two Brothers Brewing Company,American Amber / Red Ale,American Strong Ale,6.90%,9.50%
Smuttynose Kindest Find Imperial Red Ale,Two Brothers Revelry Imperial Red Ale,Smuttynose Brewing Company,Two Brothers Brewing Company,American Amber / Red Ale,American Strong Ale,8.50%,9.50%
Red-oric - Beer Camp # 65 ( Best Of Beer Camp : Imperial Red Ale ),Two Brothers Revelry Imperial Red Ale,Sierra Nevada Brewing Co. .,Two Brothers Brewing Company,American Amber / Red Ale,American Strong Ale,8.00%,9.50%
Mountain Series : Love Rhino ( Imperial Red Ale ),Cigar City Cold Brew Series - Red Ale,Breckenridge Brewery,Cigar City Brewing,American Amber / Red Ale,Amber Ale,8.90%,7.20%
Cow Catcher Red,Mountain Town Cow Catcher Red Ale,Mountain Town Station Brewing Co. & Steakhouse,Mountain Town Brewing Company,American Amber / Red Ale,Amber Ale,-,5.80%
Texas Red Amber Ale,William Street Red Sky Amber Ale,Big Texan Brewery,William Street Beer Co. .,American Amber / Red Ale,Amber Ale,4.50%,5%
6th Anniversary Ale ( Dirty Hippie Imperial Red Ale ),Brew Bus Detour Series : Rollin Dirty Red Ale - Wood Aged,Kern River Brewing Company,Cigar City Brewing,American Amber / Red Ale,Irish Ale,8.00%,5%
Mermaid 's Red Ale - Bourbon Oak Aged,Brew Bus Detour Series : Rollin Dirty Red Ale - Wood Aged,Coronado Brewing Company,Cigar City Brewing,American Amber / Red Ale,Irish Ale,-,5%
Saint Gleason Imperial Red Ale,Mission Carrack Imperial Red Ale,Abita Brewing Co. .,Mission Brewery,American Amber / Red Ale,American Strong Ale,-,10.20%
Three Beavers Imperial Red Ale,Mission Carrack Imperial Red Ale,Howe Sound Inn & Brewing Company,Mission Brewery,American Amber / Red Ale,American Strong Ale,7.50%,10.20%
Bourbon Barrel Ro Shampo Imperial Red Ale,Sick N Twisted Naughty Redhead Imperial Red Ale,Figure 8 Brewing,Sick N Twisted Brewing Company,American Amber / Red Ale,Amber Ale,-,8%
Lagunitas Imperial Red Ale,Sick N Twisted Naughty Redhead Imperial Red Ale,Lagunitas Brewing Company,Sick N Twisted Brewing Company,American Amber / Red Ale,Amber Ale,7.80%,8%
Stupiphany Imperial Red Ale,Sick N Twisted Naughty Redhead Imperial Red Ale,Rusty Truck Brewing Company / Roadhouse 101,Sick N Twisted Brewing Company,American Amber / Red Ale,Amber Ale,8.00%,8%
Bourbon Barrel Ro Shampo Imperial Red Ale,Spring House Atomic Raygun Imperial Red Ale,Figure 8 Brewing,Spring House Brewing Company,American Amber / Red Ale,American Strong Ale,-,8.30%
Deputation Imperial Red Ale,Spring House Atomic Raygun Imperial Red Ale,Brannon 's Pub and Brewery,Spring House Brewing Company,American Amber / Red Ale,American Strong Ale,8.00%,8.30%
Double Mongrel Imperial India Red Ale,Spring House Atomic Raygun Imperial Red Ale,Aspetuck Brew Lab,Spring House Brewing Company,American Amber / Red Ale,American Strong Ale,9.00%,8.30%
Bourbon Barrel Ro Shampo Imperial Red Ale,Cape Cod Bourbon Barrel Red,Figure 8 Brewing,Cape Cod Beer,American Amber / Red Ale,Amber Ale,-,5.50%
Bourbon Barrel Ro Shampo Imperial Red Ale,Lavery Imperial Red Ale &#40; IRA &#41;,Figure 8 Brewing,Lavery Brewing Company,American Amber / Red Ale,American Strong Ale,-,8.20%
Ruby River Ruby Red Ale,Pokertree Red Earl Ruby Ale,Ruby River Steakhouse & Brewery,Pokertree,American Amber / Red Ale,Amber Ale,4.00%,5.50%
Ruby River Ruby Red Ale,Pine Creek River Valley Red Ale,Ruby River Steakhouse & Brewery,Big Rock Brewery,American Amber / Red Ale,Amber Ale,4.00%,5%
Stone Liberty Station Outbreak Series : Red Ale,Liberty High Point Rocket_s Red Ale,Stone Brewing Co. .,Liberty Brewery & Grill - High Point,American Amber / Red Ale,Irish Ale,7.00%,-
Channary Imperial Red Ale,Fulton The Libertine Imperial Red Ale - Heaven Hill Rye Whiskey Barrel Aged,Narrows Brewing Co. .,Fulton Beer Company,American Amber / Red Ale,American Strong Ale,9.40%,8.50%
Climax Noel - Imperial Red Ale,Fulton The Libertine Imperial Red Ale - Heaven Hill Rye Whiskey Barrel Aged,Eel River Brewing Co. .,Fulton Beer Company,American Amber / Red Ale,American Strong Ale,9.20%,8.50%
Barrel Aged Moustache Ride Red,Fulton The Libertine Imperial Red Ale - Heaven Hill Rye Whiskey Barrel Aged,Flat 12 Bierwerks,Fulton Beer Company,American Amber / Red Ale,American Strong Ale,6.10%,8.50%
Photobomb Imperial Red Ale,Fulton The Libertine Imperial Red Ale - Heaven Hill Rye Whiskey Barrel Aged,Crooked Ladder Brewing Company,Fulton Beer Company,American Amber / Red Ale,American Strong Ale,8.50%,8.50%
Buffalo Soul Jah Imperial Red Ale,Fulton The Libertine Imperial Red Ale - Heaven Hill Rye Whiskey Barrel Aged,Three Heads Brewing,Fulton Beer Company,American Amber / Red Ale,American Strong Ale,9.20%,8.50%
Old Guardian Barley Wine Style Ale - Red Wine Barrel Aged,Fulton The Libertine Imperial Red Ale - Heaven Hill Rye Whiskey Barrel Aged,Stone Brewing Co. .,Fulton Beer Company,American Barleywine,American Strong Ale,11.20%,8.50%
BJ 's Imperial Red Ale,Fulton The Libertine Imperial Red Ale - Heaven Hill Rye Whiskey Barrel Aged,BJ 's Restaurant & Brewhouse,Fulton Beer Company,American Amber / Red Ale,American Strong Ale,9.00%,8.50%
Constanza _ _ s Hoppy Red Ale,Spiteful Angry Adam Hoppy Red Ale,Bomber Brewing,Spiteful Brewing,American Amber / Red Ale,Amber Ale,6.20%,6%
Arsenal Imperial Red Ale,Kern River Dirty Hippie Imperial Red Ale,Great River Brewery,Kern River Brewing,American Amber / Red Ale,American Strong Ale,9.00%,8%
Tst Brw 01 - Imperial Red Ale,Kern River Dirty Hippie Imperial Red Ale,Brouwerij De Koninck NV,Kern River Brewing,American Amber / Red Ale,American Strong Ale,7.80%,8%
Ro Shampo Imperial Red Ale,Kern River Dirty Hippie Imperial Red Ale,Figure 8 Brewing,Kern River Brewing,American Amber / Red Ale,American Strong Ale,7.50%,8%
Double Dragon Imperial Red Ale,Edge Imperial Red Ale &#40; Spring Seasonal &#41;,Phillips Brewing Company,Edge Brewing Company,American Amber / Red Ale,American Strong Ale,8.20%,8.50%
Batch 200 _ `` Olympus Mons Imperial Red Ale,Edge Imperial Red Ale &#40; Spring Seasonal &#41;,Due South Brewing Co. .,Edge Brewing Company,American Amber / Red Ale,American Strong Ale,9.20%,8.50%
Sledgehammer Imperial Red Ale,Edge Imperial Red Ale &#40; Spring Seasonal &#41;,Cambridge Brewing Company,Edge Brewing Company,American Amber / Red Ale,American Strong Ale,7.75%,8.50%
Bourbon Barrel Aged Auld Bitch,Aspen Bourbon Barrel Aged Conundrum Red Ale,Tahoe Mountain Brewing Co. .,Aspen Brewing Company,American Barleywine,Amber Ale,11.00%,6.50%
Bourbon Barrel Aged Redrum,Aspen Bourbon Barrel Aged Conundrum Red Ale,Trinity Brewhouse,Aspen Brewing Company,American Amber / Red Ale,Amber Ale,9.50%,6.50%
Bourbon Barrel Aged Auld Bitch,Lompoc Bourbon Barrel Aged Proletariat Red Ale,Tahoe Mountain Brewing Co. .,Lompoc Brewing,American Barleywine,Amber Ale,11.00%,6.40%
Kuhnhenn Extraneous Ale,Kuhnhenn Extraneous Ale,Kuhnhenn Brewing Company,Kuhnhenn Brewing,American Barleywine,Barley Wine,17.00%,17.50%
Lavery Imperial Red Ale,Oak Creek King Crimson Imperial Red Ale,Lavery Brewing Company,Oak Creek Brewing Co. .,American Amber / Red Ale,American Strong Ale,8.20%,9.50%
Lavery Imperial Red Ale,Lagunitas Imperial Red Ale,Lavery Brewing Company,Lagunitas Brewing Company &#40; Heineken &#41;,American Amber / Red Ale,American Strong Ale,8.20%,7.80%
Double Dread Imperial Red Ale,Lagunitas Imperial Red Ale,Mad River Brewing Company,Lagunitas Brewing Company &#40; Heineken &#41;,American Amber / Red Ale,American Strong Ale,8.60%,7.80%
Rhino Chaser Imperial Red Ale,Lagunitas Imperial Red Ale,Pizza Port Solana Beach,Lagunitas Brewing Company &#40; Heineken &#41;,American Amber / Red Ale,American Strong Ale,9.50%,7.80%
Broadhead Bourbon Barrel Aged Red,Flat 12 Barrel Aged Moustache Ride Red,Bainbridge Island Brewing Company,Flat 12 Bierwerks,American Amber / Red Ale,Amber Ale,8.50%,-
Broadhead Bourbon Barrel Aged Red,MadTree Bourbon Barrel Aged Happy Amber,Bainbridge Island Brewing Company,MadTree Brewing Company,American Amber / Red Ale,Amber Ale,8.50%,6%
Bulleit Bourbon Barrel Aged G'Knight,MadTree Bourbon Barrel Aged Happy Amber,Oskar Blues Grill & Brew,MadTree Brewing Company,American Amber / Red Ale,Amber Ale,8.70%,6%
Frost Quake Bourbon Barrel Aged Barley Wine,MadTree Bourbon Barrel Aged Happy Amber,Wellington County Brewery,MadTree Brewing Company,American Barleywine,Amber Ale,9.80%,6%
Noggin Floggin ( Bourbon Barrel Aged ),MadTree Bourbon Barrel Aged Happy Amber,Hopworks Urban Brewery,MadTree Brewing Company,American Barleywine,Amber Ale,9.60%,6%
Ballistic Brewing Co. - Gorgon Red Ale,Ballistic Brewing Gorgon Red Ale,Indian Wells Brewing Company,Indian Wells Brewing,American Amber / Red Ale,Amber Ale,5.50%,5.50%
Ballistic Brewing Co. - Gorgon Red Ale,Red Horn Coffee House and Brewing Company Red Horn Drink Well Red Ale,Indian Wells Brewing Company,Red Horn Coffee House and Brewing Company,American Amber / Red Ale,Amber Ale,5.50%,5.50%
Hearthstone Red Rye Ale,Hearthstone Red Rye Ale,Hearthstone Brewery,Hearthstone Brewery,American Amber / Red Ale,Specialty Grain,5.00%,5%
River Otter Ale,Sacramento River Otter Ale,Union Station Brewery,Sacramento Brewing Company,American Amber / Red Ale,English Pale Ale,5.10%,5.50%
Deputation Imperial Red Ale,Yukon You Only Live Once Imperial Red Ale,Brannon 's Pub and Brewery,Yukon Brewing Company,American Amber / Red Ale,Amber Ale,8.00%,7.50%
Red 88 Imperial Amber Ale,Yukon You Only Live Once Imperial Red Ale,River City Brewing Co. .,Yukon Brewing Company,American Amber / Red Ale,Amber Ale,8.00%,7.50%
Batch 200 _ `` Olympus Mons Imperial Red Ale,Three Heads Buffalo Soul Jah Imperial Red Ale,Due South Brewing Co. .,Custom Brewcrafters,American Amber / Red Ale,American Strong Ale,9.20%,9.20%
Lagunitas Imperial Red Ale,Three Heads Buffalo Soul Jah Imperial Red Ale,Lagunitas Brewing Company,Custom Brewcrafters,American Amber / Red Ale,American Strong Ale,7.80%,9.20%
Eruption Imperial Red Ale,Three Heads Buffalo Soul Jah Imperial Red Ale,Worthy Brewing Co. .,Custom Brewcrafters,American Amber / Red Ale,American Strong Ale,8.00%,9.20%
Imperial Moustache Red Ale,Three Heads Buffalo Soul Jah Imperial Red Ale,Salty Nut Brewery,Custom Brewcrafters,American Amber / Red Ale,American Strong Ale,6.00%,9.20%
Old Cascade Amber Ale,Central Coast Old Mission Amber Ale,Roosterfish Brewing Co. .,Central Coast Brewing,American Amber / Red Ale,Amber Ale,5.50%,5.50%
Single Hop # 3 Amber Ale W / Citra,Lancaster Hop Buggy Amber Ale,Three Palms Brewing Co. .,Lancaster Brewing Co. .,American Amber / Red Ale,Amber Ale,6.80%,5.60%
Single Hop # 3 Amber Ale W / Citra,Hill Farmstead Amarillo Single Hop Pale Ale,Three Palms Brewing Co. .,Hill Farmstead Brewery,American Amber / Red Ale,American Pale Ale,6.80%,5.20%
Red Dirt Imperial Red Ale,Rock Bottom Orland Park King of Hearts Imperial Red Ale,Wiley Roots Brewing Co,Rock Bottom Orland Park,American Amber / Red Ale,American Strong Ale,8.20%,7.60%
Red-oric - Beer Camp # 65 ( Best Of Beer Camp : Imperial Red Ale ),Rock Bottom Orland Park King of Hearts Imperial Red Ale,Sierra Nevada Brewing Co. .,Rock Bottom Orland Park,American Amber / Red Ale,American Strong Ale,8.00%,7.60%
Brewmaster 's Reserve Imperial Red Ale,Rock Bottom Orland Park King of Hearts Imperial Red Ale,BJ 's Chicago Pizza & Brewery Inc. .,Rock Bottom Orland Park,American Amber / Red Ale,American Strong Ale,9.20%,7.60%
Freedom Soho Red,Freedom Soho Red,Freedom Brewery Ltd,Freedom,American Amber / Red Ale,Amber Lager/Vienna,4.70%,4.70%
Heavyweight Ticklefight Champion Of The World,Solemn Oath Heavyweight Ticklefight Champion of the World,Solemn Oath Brewery,Solemn Oath Brewery,American Barleywine,Barley Wine,12.00%,12%
Neudorf Red Ale,Bendorf Neudorf Red Ale,Brasserie Bendorf,Bendorf,American Amber / Red Ale,Irish Ale,-,6%
Arthur 's Imperial Red Ale,Proof Abandoned Planet Imperial Red Ale,Otto 's Pub and Brewery,Proof Brewing Company,American Amber / Red Ale,Amber Ale,6.90%,7.50%
Red Hopper ( Imperial Red Ale ),Proof Abandoned Planet Imperial Red Ale,Black Acre Brewing Co. .,Proof Brewing Company,American Amber / Red Ale,Amber Ale,6.20%,7.50%
Ale Mania Imperial Red Ale,Proof Abandoned Planet Imperial Red Ale,Ale-Mania,Proof Brewing Company,American Amber / Red Ale,Amber Ale,9.50%,7.50%
Red Dragon Imperial Red Ale,Proof Abandoned Planet Imperial Red Ale,Dead Frog Brewing,Proof Brewing Company,American Amber / Red Ale,Amber Ale,8.00%,7.50%
Three Beavers Imperial Red Ale,406 Imperial Red Ale,Howe Sound Inn & Brewing Company,406 Brewing Company,American Amber / Red Ale,American Strong Ale,7.50%,9.20%
Double Dread Imperial Red Ale,406 Imperial Red Ale,Mad River Brewing Company,406 Brewing Company,American Amber / Red Ale,American Strong Ale,8.60%,9.20%
Deranger Imperial Red Ale,406 Imperial Red Ale,Laurelwood Public House & Brewery,406 Brewing Company,American Amber / Red Ale,American Strong Ale,8.60%,9.20%
Three Beavers Imperial Red Ale,Renegade Scarlett Letter Imperial Red Ale,Howe Sound Inn & Brewing Company,Renegade Brewing Company,American Amber / Red Ale,American Strong Ale,7.50%,8.50%
Deranger Imperial Red Ale,Renegade Scarlett Letter Imperial Red Ale,Laurelwood Public House & Brewery,Renegade Brewing Company,American Amber / Red Ale,American Strong Ale,8.60%,8.50%
Brewmaster 's Reserve Imperial Red Ale,Renegade Scarlett Letter Imperial Red Ale,BJ 's Chicago Pizza & Brewery Inc. .,Renegade Brewing Company,American Amber / Red Ale,American Strong Ale,9.20%,8.50%
Three Beavers Imperial Red Ale,Scuttlebutt Mateo Loco Imperial Red Ale,Howe Sound Inn & Brewing Company,Scuttlebutt Brewing Co. .,American Amber / Red Ale,American Strong Ale,7.50%,7.10%
Double Dread Imperial Red Ale,Scuttlebutt Mateo Loco Imperial Red Ale,Mad River Brewing Company,Scuttlebutt Brewing Co. .,American Amber / Red Ale,American Strong Ale,8.60%,7.10%
Red Dragon Smoked Amber Ale,Baird Smoked Amber Ale,Hoppy Brewing Co. .,Baird Brewing Co. .,American Amber / Red Ale,Smoked,5.50%,-
Red Dragon Smoked Amber Ale,Kilted Dragon Bonnie Heather Amber Ale,Hoppy Brewing Co. .,Kilted Dragon Brewing Company,American Amber / Red Ale,Amber Ale,5.50%,5%
Mr. Grain Jeans Organic Amber Ale,Squatters Respect Your Mother Organic Amber Ale,Outpost Natural Foods,Squatters Craft Beers,American Amber / Red Ale,Amber Ale,5.50%,4%
Smuttynose Kindest Find Imperial Red Ale,Kettle House Bourbon Barrel Road Rash Imperial Red Ale,Smuttynose Brewing Company,Kettle House Brewing Company,American Amber / Red Ale,American Strong Ale,8.50%,13%
Road Rash Red,Kettle House Bourbon Barrel Road Rash Imperial Red Ale,Tandem Brewing Company,Kettle House Brewing Company,American Amber / Red Ale,American Strong Ale,6.00%,13%
Pizza Orgasmica Amber Ale,Pizza Port Acacia Amber Ale,Devil 's Canyon Brewing Company,Pizza Port &#40; Solana Beach &#41;,American Amber / Red Ale,Belgian Ale,6.50%,-
Iron Mike 's Amber Ale,Railway City Iron Spike Amber Ale,Jacob Leinenkugel Brewing Company,Railway City Brewing Company,American Amber / Red Ale,Amber Ale,-,4.60%
Lagunitas Imperial Red Ale,Pizza Port Rhino Chaser Imperial Red Ale,Lagunitas Brewing Company,Pizza Port &#40; Ocean Beach &#41;,American Amber / Red Ale,American Strong Ale,7.80%,9.50%
Port Chester Red Ale,Pizza Port Rhino Chaser Imperial Red Ale,Greenpoint Beerworks / Kelso of Brooklyn,Pizza Port &#40; Ocean Beach &#41;,American Amber / Red Ale,American Strong Ale,5.50%,9.50%
Starlord 's Mixtape / Groot Drank Imperial Red Ale,Pizza Port Rhino Chaser Imperial Red Ale,Charging Hippo Brewing Co. .,Pizza Port &#40; Ocean Beach &#41;,American Amber / Red Ale,American Strong Ale,8.20%,9.50%
Photobomb Imperial Red Ale,Howe Sound Three Beavers Imperial Red Ale,Crooked Ladder Brewing Company,Howe Sound Brewing,American Amber / Red Ale,American Strong Ale,8.50%,7.50%
Red Rocket Amber Ale,Blue Cat Red Toad Amber Ale,Third Base Sports Bar & Brewery,Blue Cat Brew Pub,American Amber / Red Ale,Premium Bitter/ESB,6.40%,5.70%
Red Rocket Amber Ale,Red Duck Amber Ale,Third Base Sports Bar & Brewery,Purrumbete Brewing,American Amber / Red Ale,Amber Ale,6.40%,4.80%
Eruption Imperial Red Ale,De Koninck TSTBRW 01 Imperial Red Ale,Worthy Brewing Co. .,Brouwerij De Koninck &#40; Duvel-Moortgat &#41;,American Amber / Red Ale,American Strong Ale,8.00%,7.80%
The `` Ginger '' A Red Ale,The Beer Company Wyatt Earp Red Ale,Elk Street Brewery & Tap Room,The Beer Company,American Amber / Red Ale,Irish Ale,6.80%,7%
North 45 Amber Ale,Thirsty Pagan North Coast Amber Ale,Petoskey Brewing Company,Thirsty Pagan Brewing,American Amber / Red Ale,Amber Ale,5.80%,-
Red 's On Vacation,Barley Johns Reds on Vacation,Barley John 's Brew Pub,Barley Johns Brew Pub,American Amber / Red Ale,Amber Ale,5.44%,5.44%
Old Cellar Dweller,Driftwood Old Cellar Dweller Barleywine,Driftwood Brewery,Driftwood Brewery &#40; Canada &#41;,American Barleywine,Barley Wine,11.60%,14%
Red Hopper ( Imperial Red Ale ),Worthy Eruption Imperial Red Ale,Black Acre Brewing Co. .,Worthy Brewing Company,American Amber / Red Ale,American Strong Ale,6.20%,8%
Starfish Imperial Red Ale,Worthy Eruption Imperial Red Ale,Fish Brewing Company / Fishbowl Brewpub,Worthy Brewing Company,American Amber / Red Ale,American Strong Ale,7.50%,8%
Sons Of Anarchy Amber Ale,Sudwerk Sons Of Anarchy Amber Ale,Sudwerk Brewing Company,Sudwerk Brewing Company,American Amber / Red Ale,Amber Ale,4.70%,4.70%
Eldred Rock Amber,Haines Eldred Rock Amber,Haines Brewing Company,Haines Brewing Co. .,American Amber / Red Ale,Amber Ale,5.00%,5%
Blood On The Blade Red IPA,Bacchus / Burrow Bloodhound Blood Red IPA,Backpocket Brewing,Bacchus Brewing Company &#40; Australia &#41;,American Amber / Red Ale,India Pale Ale &#40; IPA &#41;,7.00%,6%
My Hoppy Valentine,Excel My Hoppy Valentine,Excel Brewing Company,Excel Brewing Company,American Amber / Red Ale,Amber Ale,6.50%,6.50%
Deranger Imperial Red Ale,Brannon_s Deputation Imperial Red Ale,Laurelwood Public House & Brewery,Brannon_s Pub and Brewery,American Amber / Red Ale,American Strong Ale,8.60%,8.79%
Bulleit Bourbon Barrel Aged G'Knight,Lompoc Bourbon Barrel Aged Old Tavern Rat,Oskar Blues Grill & Brew,Lompoc Brewing,American Amber / Red Ale,Barley Wine,8.70%,9.70%
Big V Amber Ale,Big Texan Texas Red Amber Ale,FreeWheel Brewing Company,Big Texan Brewery,American Amber / Red Ale,Amber Ale,4.00%,4.50%
Big Horn Buttface Amber Ale,Big Texan Texas Red Amber Ale,C.B. & Potts,Big Texan Brewery,American Amber / Red Ale,Amber Ale,-,4.50%
Big V Amber Ale,Heinzelmannchen Big Amber Gnome Ale,FreeWheel Brewing Company,Heinzelmannchen Brewery,American Amber / Red Ale,Amber Ale,4.00%,8%
Big V Amber Ale,Big Axe Maple Wheat Amber Ale,FreeWheel Brewing Company,Big Axe Brewery and B & B,American Amber / Red Ale,Amber Ale,4.00%,5%
5 Star Amber Ale,Blue Star Apache Amber Ale,The Civil Life Brewing Company,Blue Star Brewing Co. .,American Amber / Red Ale,Amber Ale,5.00%,-
Barrel Aged Imperial Red,Imperial Oak Barrel Aged Odin_s Beard,Hale 's Ales Brewery & Pub,Imperial Oak Brewing,American Amber / Red Ale,American Strong Ale,9.00%,9%
Mountian Goat Rare Breed India Red Ale,Hammond River Red Coat India Red Ale,Mountain Goat Beer Pty Ltd,Hammond River Brewing,American Amber / Red Ale,Amber Ale,6.60%,6.50%
Belle Gueule Rousse,Belle Gueule Rousse,Brasseurs R.J.,Brasseurs RJ,American Amber / Red Ale,Amber Lager/Vienna,5.20%,5.20%
Red Rock Amber Ale,Slanted Rock Iron Butt Red Ale,OPA-OPA Steakhouse & Brewery,Slanted Rock Brewing Company,American Amber / Red Ale,Amber Ale,6.00%,5.80%
Ise Kadoya Amber Ale,Ise Kadoya Amarillo Amber Ale,Nikenjayamochi Kadoya Honten Co. / Ise Kadoya Brewery,Ise Kadoya,American Amber / Red Ale,Amber Ale,4.50%,-
Molly American Red Ale,Big Time Lift Ticket American Red Ale,New Helvetia Brewing Company,Big Time Brewery,American Amber / Red Ale,India Pale Ale &#40; IPA &#41;,5.00%,7%
Molly American Red Ale,Genesee Brew House American Red Ale,New Helvetia Brewing Company,Genesee Brewing Company &#40; North American Breweries &#41;,American Amber / Red Ale,Amber Ale,5.00%,5%
Barbarian Red Ale,Barbarian Red Ale,Cervecer_a Barbarian,Cervecer_a Barbarian,American Amber / Red Ale,Amber Ale,6.50%,6.50%
Barrel Aged Series : Barley Wine,Elevator Barrel Aged Barley Wine,Parallel 49 Brewing Company,Elevator Brewing Company,American Barleywine,Barley Wine,11.80%,-
Barrel Aged Series : Barley Wine,Hangar 24 Barrel Roll No. 04 : Hammerhead - Barrel Aged Barley Wine,Parallel 49 Brewing Company,Hangar 24 Craft Brewery,American Barleywine,Barley Wine,11.80%,11.20%
West Sixth / Country Boy Country Western ( Volume 3 Imperial Red Ale ),Figueroa Mountain / Pizza Port Shark Lips Imperial Red Ale,West Sixth Brewing Company,Figueroa Mountain Brewing,American Amber / Red Ale,American Strong Ale,13.00%,8%
Shark Attack Double Red Ale,Midnight Sun Unite Double Red Hot Ale &#40; 2015 &#41;,Port Brewing,Midnight Sun Brewing Company,American Amber / Red Ale,Amber Ale,9.00%,7.50%
Double Red Ale,Midnight Sun Unite Double Red Hot Ale &#40; 2015 &#41;,The Seven Barrel Brewery,Midnight Sun Brewing Company,American Amber / Red Ale,Amber Ale,8.20%,7.50%
Barrel Aged Riverside Red,Blue Pants Big & Tall # 2 : Barrel Aged Belgian Red,Intuition Ale Works,Blue Pants Brewery,American Amber / Red Ale,Amber Ale,7.80%,9%
Oatmeal Amber Ale,John Harvards Oatmeal Amber Ale,Ornery Beer Company Public House,John Harvard_s Brewhouse &#40; Corporate Office &#41;,American Amber / Red Ale,Amber Ale,5.70%,6.50%
Vital Infrared Imperial Red,Vital Infrared Imperial Red,Vital Brewing,Vital Brewing,American Amber / Red Ale,American Strong Ale,9.40%,9.40%
Rip Saw Red,Pints Rip Saw Red,Pints Brewing Co. .,Pints Brewing Company,American Amber / Red Ale,Amber Ale,6.50%,5.90%
Panama Limited Red Ale,Flossmoor Station Barrel Aged Panama Limited Red Ale,Flossmoor Station Restaurant & Brewery,Flossmoor Station Restaurant & Brewery,American Amber / Red Ale,Amber Ale,-,6.50%
Buffalo Soul Jah Imperial Red Ale,Iron Horse Fresh Hop Imperial Red Ale,Three Heads Brewing,Iron Horse Brewery,American Amber / Red Ale,American Strong Ale,9.20%,-
Starlord 's Mixtape / Groot Drank Imperial Red Ale,Iron Horse Fresh Hop Imperial Red Ale,Charging Hippo Brewing Co. .,Iron Horse Brewery,American Amber / Red Ale,American Strong Ale,8.20%,-
Phobos Single Hop Red Ale,Iron Horse Fresh Hop Imperial Red Ale,Ecliptic Brewing,Iron Horse Brewery,American Amber / Red Ale,American Strong Ale,7.40%,-
American Red Ale,Americas American Red Ale,Rock Art Brewery,Americas Brewpub,American Amber / Red Ale,Amber Ale,4.80%,-
Morrisons American Red Ale,Americas American Red Ale,Titanic Brewery,Americas Brewpub,American Amber / Red Ale,Amber Ale,4.50%,-
Big Bully Amber Ale,Big Time Atlas Amber Ale,Edge Brewing,Big Time Brewery,American Amber / Red Ale,Amber Ale,5.00%,5.40%
Sequoia American Amber Ale,Aarhus Cains Triple A American Amber Ale,Wig And Pen,Aarhus Bryghus,American Amber / Red Ale,Amber Ale,5.90%,5.50%
Sequoia American Amber Ale,Canal Park General Sterling Price American Amber Ale - Centennial,Wig And Pen,Canal Park Brewing Company,American Amber / Red Ale,Amber Ale,5.90%,4.80%
Weekender American Amber Ale,Canal Park General Sterling Price American Amber Ale - Centennial,Stilt House Brewery,Canal Park Brewing Company,American Amber / Red Ale,Amber Ale,5.20%,4.80%
Mad Anthony Muddy River Amber Ale,Mad River Jamaica Red Ale,Mad Anthony Brewing Company,Mad River Brewery,American Amber / Red Ale,Amber Ale,-,6.50%
Simeon Jones River Valley Amber Ale,Piney River McKinney Eddy Amber Ale,Picaroons Brewing Co. .,Piney River Brewing Company,American Amber / Red Ale,Amber Ale,4.50%,-
Wasatch 50th Park City Golden Anniversary Ale,Golden City Centurion Barleywine Ale,Utah Brewers Cooperative,Golden City Brewery,American Amber / Red Ale,Barley Wine,4.00%,11.20%
Regimental 80 Scottish Ale,Crooked Eye Regimental 80 Scottish Ale,Crooked Eye Brewery,Crooked Eye Brewery,American Amber / Red Ale,Scottish Ale,4.70%,4.70%
Dream Of The 90 's,Prohibition Pig Dream of the 90s,Prohibition Pig,Prohibition Pig,American Amber / Red Ale,Amber Ale,6.10%,-
Fullers Traitors ' Gate,Fuller_s Traitor_s Gate,Fuller Smith & Turner PLC,Fuller_s,American Amber / Red Ale,Bitter,4.50%,4.50%
Blarney Rock Irish Ale,Rockyard Blarney Rock Irish Ale,Rockyard Brewing,Rockyard Brewing Company,American Amber / Red Ale,Irish Ale,6.00%,-
Aiken American Red Pale Ale,Blue Heron Corey_s American Pale Ale &#40; C.A.P.A. &#41;,Aiken Brewing Company,Blue Heron Brewpub,American Amber / Red Ale,American Pale Ale,-,6.20%
Aiken American Red Pale Ale,Wild Ride 3 Sisters American Red Ale,Aiken Brewing Company,Wild Ride Brewing,American Amber / Red Ale,Amber Ale,-,6%
Big Bear Amber Ale,Big Horn Buttface Amber Ale,Stewart 's Brewing Co. .,Big Horn Brewing Company &#40; Ram International &#41;,American Amber / Red Ale,Amber Ale,5.60%,5.80%
Great Lakes Independence Ale,Amsterdam X Sawdust City X Great Lakes X Indie Ale Barley Wine &#40; Oak &#41;,Great Lakes Brewing Co. .,Amsterdam Brewing Company,American Amber / Red Ale,Barley Wine,6.00%,10%
Shirt Tail Amber,Iron Hill Shirt Tail Amber,Iron Hill Brewery & Restaurant,Iron Hill Maple Shade,American Amber / Red Ale,Amber Ale,4.40%,4.40%
Desert Island Series : American Honey Amber Ale,Granville Island Gastown Amber Ale,Heavy Seas Beer,Granville Island &#40; Brewery - MolsonCoors &#41;,American Amber / Red Ale,Amber Ale,4.90%,5.50%
Hurricane Alley Amber Ale,Charleville Tornado Alley Amber Ale,Florida Beer Company,Charleville Vineyard & Microbrewery,American Amber / Red Ale,Amber Ale,-,-
Brewmaster 's Reserve Imperial Red Ale,Rusty Truck Stupiphany Imperial Red Ale,BJ 's Chicago Pizza & Brewery Inc. .,Rusty Truck Brewing / Roadhouse 101,American Amber / Red Ale,American Strong Ale,9.20%,8%
Red Headed Slut Amber Ale,Baird Red Rose Amber Ale,Twisted K-8 Brewing Company,Baird Brewing Co. .,American Amber / Red Ale,California Common,6.50%,5.40%
Red Headed Slut Amber Ale,Trailhead Red Amber Ale,Twisted K-8 Brewing Company,Trailhead Brewing Co. .,American Amber / Red Ale,Amber Ale,6.50%,-
Frost Quake Bourbon Barrel Aged Barley Wine,Hangar 24 Barrel Roll No. 04 : Hammerhead - Bourbon Barrel Aged with Chai Tea,Wellington County Brewery,Hangar 24 Craft Brewery,American Barleywine,Barley Wine,9.80%,13.90%
Bourbon Barrel Aged Horus Imperial Red,Legacy Bourbon Barrel Hedonism Red,Elevator Brewery & Draught Haus,Legacy Brewing,American Amber / Red Ale,American Strong Ale,12.00%,7.10%
Rocky Mountain Red Ale,Crazy Mountain Boohai Red Ale &#40; Kura Koa &#41;,Grand Lake Brewing Company,Crazy Mountain Brewing Company,American Amber / Red Ale,Amber Ale,-,6%
Boohai Red Ale,Crazy Mountain Boohai Red Ale &#40; Kura Koa &#41;,Crazy Mountain Brewing Company,Crazy Mountain Brewing Company,American Amber / Red Ale,Amber Ale,6.00%,6%
Alaskan Barley Wine ( Pilot Series ),Hermit Thrush Abbey Series # 1 - Jolly Abbot Barley Wine,Alaskan Brewing Co. .,Hermit Thrush Brewery,American Barleywine,Barley Wine,10.70%,13%
Double Mongrel Imperial India Red Ale,Boxing Cat Firecracker Imperial Red Ale,Aspetuck Brew Lab,Boxing Cat Brewery,American Amber / Red Ale,Amber Ale,9.00%,6.60%
Fisherman 's Tea Party,Cape Ann Fisherman_s Tea Party,Cape Ann Brewing Company,Cape Ann Brewing Company,American Barleywine,Barley Wine,9.00%,9%
Kingpin Double Red Ale,Out of Bounds Relentless Double Red Ale,BridgePort Brewing Co. / Brewpub,Out of Bounds Brewing Company,American Amber / Red Ale,American Strong Ale,7.50%,8.20%
Harold The Red Ale,Off the Rail Raybuck Red Ale,Black Husky Brewing,Off the Rail Brewing,American Amber / Red Ale,Amber Ale,-,6.40%
Insane Mane Red Ale,White Lion Insane Mane Red Ale,White Lion Brewing Company,Ipswich Ale Brewery,American Amber / Red Ale,Amber Ale,5.10%,-
Willoughby American Amber Ale,Maldita Old Continent American Amber Ale,Willoughby Brewing,Faustino Microcervejeira,American Amber / Red Ale,Amber Ale,4.90%,6%
Old Guardian Barley Wine Style Ale - Bourbon Barrel Aged,Revolution Barrel Aged Institutionalized Barley Wine,Stone Brewing Co. .,Revolution Brewing Company,American Barleywine,Barley Wine,11.20%,13%
Pioneer American Red Ale,Fat Bottom Ruby Red American Ale,Pioneer Beer Company,Fat Bottom Brewery,American Amber / Red Ale,Amber Ale,5.70%,4.60%
Clifford The Big Red Ale,Big Choice Disconnected Red Ale,Books & Brews,Big Choice Brewing,American Amber / Red Ale,Amber Ale,6.80%,6.70%
Barrel Aged Chessie,Union Craft Chessie Barleywine Barrel Aged,Union Craft Brewing Company,Union Craft Brewing Company,American Barleywine,Barley Wine,9.80%,9.80%
Trail Ridge Red,Estes Park Trail Ridge Red,Grand Lake Brewing Company,Estes Park Brewery,American Amber / Red Ale,Bitter,7.50%,4.50%
Alaskan Imperial Red Ale ( Pilot Series ),Swamp Head Sciaenhops Imperial Red Ale,Alaskan Brewing Co. .,Swamp Head Brewery,American Amber / Red Ale,American Strong Ale,8.50%,8.30%
Alaskan Imperial Red Ale ( Pilot Series ),BottleTree Imperial Red Ale,Alaskan Brewing Co. .,Thomas Creek Brewery,American Amber / Red Ale,American Strong Ale,8.50%,7.50%
Summer Session Ale,Aqula Summer Session Ale,Elk Creek Cafe + Aleworks,Aqula,American Amber / Red Ale,English Pale Ale,4.20%,4.50%
Jurassic Duck Amber Ale ( dry Hopped With Mosaic ),Nighthawk 16-Hour Dry Hopped Amber,The Dodging Duck Brewhaus,Nighthawk Brewery,American Amber / Red Ale,Amber Ale,-,6.70%
O'Connor 's Irish Red Ale,Loose Shoe Sl_ ยก inte Irish Red Ale,Wormtown Brewery,Loose Shoe Brewing Company,American Amber / Red Ale,Irish Ale,5.00%,5.50%
Winter Seasonal Amber Ale,Brewsters Winter WARMer Amber Ale,Dead Frog Brewing,Brewsters Brewing Co. - Alberta,American Amber / Red Ale,Amber Ale,5.00%,6%
Hawai'i Nui Sunset Amber Ale,Grand Canyon Sunset Amber Ale,Hawai'i Nui Brewing / Mehana Brewing Company,Grand Canyon Brewing Company,American Amber / Red Ale,Amber Ale,5.45%,5%
Copperhead Amber Ale,Yalobusha Copperhead Amber Ale,Yalobusha Brewing Company,Yalobusha Brewing Company,American Amber / Red Ale,Amber Ale,5.65%,5.60%
Dark Horse Amber Ale,Dark Horse Amber Ale,Dark Horse Brewing Company,Dark Horse Brewing Company,American Amber / Red Ale,Amber Ale,5.50%,5.50%
Red Emperor Amber Ale,Fox and Hound Red Fox Amber Ale,Fish Rock Brewery,Anheuser-Busch InBev,American Amber / Red Ale,Amber Ale,4.50%,5.10%
Strada S. Felice,Grado Plato Strada S. Felice,Grado Plato,Birrificio Grado Plato,American Amber / Red Ale,Spice/Herb/Vegetable,8.00%,8%
Sea Spray Amber Ale,Swashbuckler Red Sea Amber Ale,Bowen Island Brewing Co. Ltd. .,Swashbuckler Brewing Company,American Amber / Red Ale,Amber Ale,5.00%,-
Red Rose Amber Ale,Swashbuckler Red Sea Amber Ale,Baird Brewing Company / Fishmarket Taproom,Swashbuckler Brewing Company,American Amber / Red Ale,Amber Ale,5.40%,-
Beer Of The Dragon,Anderson Valley Barrel Aged Horn of the Beer Barley Wine,Beachwood BBQ & Brewing,Anderson Valley Brewing Company,American Amber / Red Ale,Barley Wine,9.10%,8.60%
Isle Of Pines Barley Wine,Anderson Valley Barrel Aged Horn of the Beer Barley Wine,Flying Goose Brew Pub & Grille,Anderson Valley Brewing Company,American Barleywine,Barley Wine,11.00%,8.60%
Frog Island Amber Ale,Heavy Seas Desert Island Series American Honey Amber Ale,Frog Island Brewing Company,Heavy Seas Brewing Company,American Amber / Red Ale,Amber Ale,6.00%,4.90%
Olde Richmond Batch No. 9 Red Ale,Engine House No. 9 Rowdy Dick Amber Ale,Olde Richmond Beer Company,Engine House No. 9 Restaurant and Brewery,American Amber / Red Ale,Amber Ale,-,5.30%
Unite Red Rye Ale,Pike Unite Red Rye Ale,The Pike Brewing Company,Pike Brewing Company,American Amber / Red Ale,Amber Ale,4.60%,4.60%
Fresh Hop Red,Ice Harbor Double Red Ale - Fresh Hop,Liquid Mechanics Brewing Co. .,Ice Harbor Brewing Company,American Amber / Red Ale,Amber Ale,7.40%,7%
Bulleit Bourbon Barrel Aged G'Knight,Figure Eight Bourbon Barrel Aged Jumbo Love,Oskar Blues Grill & Brew,Figure Eight Brewing,American Amber / Red Ale,Barley Wine,8.70%,-
Double Dragon Imperial Red Ale,Scuttlebutt Mateo Loco Imperial Red Ale,Phillips Brewing Company,Scuttlebutt Brewing Co. .,American Amber / Red Ale,American Strong Ale,8.20%,7.10%
Batch 200 _ `` Olympus Mons Imperial Red Ale,Scuttlebutt Mateo Loco Imperial Red Ale,Due South Brewing Co. .,Scuttlebutt Brewing Co. .,American Amber / Red Ale,American Strong Ale,9.20%,7.10%
Honey Basil Amber,Rude Hippo Honey Basil Amber,Rude Hippo Brewing Company,18th Street Brewery,American Amber / Red Ale,Amber Ale,7.40%,7.40%
Clifford 's Big Red Ale,Big Island Red Giant Ale,Funky Buddha Brewery,Big Island Brewhaus,American Amber / Red Ale,American Strong Ale,9.70%,6.50%
Clifford 's Big Red Ale,Big Time Lift Ticket American Red Ale,Funky Buddha Brewery,Big Time Brewery,American Amber / Red Ale,India Pale Ale &#40; IPA &#41;,9.70%,7%
Real McCoy Amber Ale,Mammoth Real McCoy Amber Ale,Mammoth Brewing Company,Mammoth Brewing Company,American Amber / Red Ale,Altbier,4.50%,4.50%
Aqula American Amber Ale,Heavy Seas Desert Island Series American Honey Amber Ale,Bier Kaffee Aqula,Heavy Seas Brewing Company,American Amber / Red Ale,Amber Ale,4.50%,4.90%
Honey Amber Ale,Heavy Seas Desert Island Series American Honey Amber Ale,RJ Rockers Brewing Company,Heavy Seas Brewing Company,American Amber / Red Ale,Amber Ale,5.80%,4.90%
Rocket City Red,Sawdust City Red Rocket Coffee Spiced Stout,Straight To Ale,Sawdust City Brewing Company,American Amber / Red Ale,Spice/Herb/Vegetable,5.00%,5.20%
Jazz Beer Tarraco Amber,Jazz Beer Tarraco Amber,Tarraco Beer,Ca l_Arenys - Cervezas Guineu,American Amber / Red Ale,Amber Ale,6.90%,6.90%
Twisted Stick Amber Ale,Sick N Twisted Pleasure Victim Amber Ale,Portneuf Valley Brewing,Sick N Twisted Brewing Company,American Amber / Red Ale,Amber Ale,-,5.50%
Red Hopper ( Imperial Red Ale ),Brannon_s Deputation Imperial Red Ale,Black Acre Brewing Co. .,Brannon_s Pub and Brewery,American Amber / Red Ale,American Strong Ale,6.20%,8.79%
Smuttynose Kindest Find Imperial Red Ale,Brannon_s Deputation Imperial Red Ale,Smuttynose Brewing Company,Brannon_s Pub and Brewery,American Amber / Red Ale,American Strong Ale,8.50%,8.79%
Red Hopper ( Imperial Red Ale ),Kinetic Infrared Imperial Red Ale,Black Acre Brewing Co. .,Kinetic Brewing Company,American Amber / Red Ale,American Strong Ale,6.20%,9.30%
BJ 's Imperial Red Ale,Kinetic Infrared Imperial Red Ale,BJ 's Restaurant & Brewhouse,Kinetic Brewing Company,American Amber / Red Ale,American Strong Ale,9.00%,9.30%
Red Racer India Style Red Ale,Heist American Style Red Ale,Central City Brewers + Distillers,Heist Brewery,American Amber / Red Ale,Amber Ale,5.60%,4.50%
Red Racer India Style Red Ale,GoodLife Redside India Red Ale,Central City Brewers + Distillers,GoodLife Brewing Company,American Amber / Red Ale,India Pale Ale &#40; IPA &#41;,5.60%,6%
Green Flash Hop Head Red Ale,Iron Horse Fresh Hop Imperial Red Ale,Green Flash Brewing Co. .,Iron Horse Brewery,American Amber / Red Ale,American Strong Ale,8.10%,-
Green Flash Hop Head Red Ale,Bagby Hop Crop Red Ale,Green Flash Brewing Co. .,Bagby Beer Company,American Amber / Red Ale,Amber Ale,8.10%,5.90%
Pike Old Bawdy Barley Wine,Bristol Old No. 23 Barley Wine,The Pike Brewing Company,Bristol Brewing Company,American Barleywine,Barley Wine,9.90%,11.25%
Three Sheets Barleywine ( Syrah Barrel Aged ),Tighthead Barrel Aged Old Kaya Dog Barleywine,Ballast Point Brewing Company,Tighthead Brewing Company,American Barleywine,Barley Wine,9.00%,10.30%
Red Rock Opie Red Ale,Council Rock Sleeping Lion Red Ale,Red Rock Brewing Company,Council Rock Brewery,American Amber / Red Ale,Irish Ale,4.00%,6%
Ruby Red American Ale,Black Shirt American India Red Ale,Fat Bottom Brewing,Black Shirt Brewing Company,American Amber / Red Ale,American Strong Ale,6.10%,7.09%
Ruby Red American Ale,Genesee Brew House American Red Ale,Fat Bottom Brewing,Genesee Brewing Company &#40; North American Breweries &#41;,American Amber / Red Ale,Amber Ale,6.10%,5%
Rock Bottom Red Ale,Rock Bottom La Jolla Ragtop Red Ale,Rock Bottom Restaurant & Brewery,Rock Bottom La Jolla,American Amber / Red Ale,Amber Ale,5.60%,5.40%
Hop Around Imperial Red Ale,Marble Imperial Red Ale,Big Bay Brewing Co. .,Marble Brewery,American Amber / Red Ale,American Strong Ale,9.00%,9%
Hop Around Imperial Red Ale,Kern River Dirty Hippie Imperial Red Ale,Big Bay Brewing Co. .,Kern River Brewing,American Amber / Red Ale,American Strong Ale,9.00%,8%
Blue Bridge Amber Dry Hopped,Winthrop Double Dry Hopped Amber,Galveston Island Brewing Company,Winthrop Brewing Company,American Amber / Red Ale,Amber Ale,6.00%,-
Arrow Point Amber,Bainbridge Island Arrow Point Amber,Bainbridge Island Brewing Company,Bainbridge Island Brewing Company,American Amber / Red Ale,Amber Ale,5.40%,5.40%
Bourbon Barrel Aged Horus Imperial Red,Lompoc Bourbon Barrel Aged Old Tavern Rat,Elevator Brewery & Draught Haus,Lompoc Brewing,American Amber / Red Ale,Barley Wine,12.00%,9.70%
Bourbon Barrel Aged Horus Imperial Red,Riverbend Barrel Aged Right Said Red,Elevator Brewery & Draught Haus,Riverbend Brewing & Sports Pub,American Amber / Red Ale,American Strong Ale,12.00%,9.20%
Lavery Imperial Red Ale,Laurelwood Organic Deranger Imperial Red Ale,Lavery Brewing Company,Laurelwood Public House & Brewery,American Amber / Red Ale,American Strong Ale,8.20%,8.60%
Lavery Imperial Red Ale,Ale Mania Imperial Red Ale,Lavery Brewing Company,Ale Mania &#40; Fritz Ale &#41;,American Amber / Red Ale,American Strong Ale,8.20%,9.50%
Sledgehammer Imperial Red Ale,Ale Mania Imperial Red Ale,Cambridge Brewing Company,Ale Mania &#40; Fritz Ale &#41;,American Amber / Red Ale,American Strong Ale,7.75%,9.50%
Smuttynose Kindest Find Imperial Red Ale,Rock Bottom Orland Park King of Hearts Imperial Red Ale,Smuttynose Brewing Company,Rock Bottom Orland Park,American Amber / Red Ale,American Strong Ale,8.50%,7.60%
Red Shedman 's Imperial Amber Ale,Rock Bottom Orland Park King of Hearts Imperial Red Ale,57 Brew Pub & Bistro,Rock Bottom Orland Park,American Amber / Red Ale,American Strong Ale,7.60%,7.60%
Smuttynose Kindest Find Imperial Red Ale,Ballast Point Tongue Buckler Imperial Red Ale - Bourbon Barrel Aged,Smuttynose Brewing Company,Ballast Point Brewing Company,American Amber / Red Ale,American Strong Ale,8.50%,10%
Brewmaster 's Reserve Imperial Red Ale,Ballast Point Tongue Buckler Imperial Red Ale - Bourbon Barrel Aged,BJ 's Chicago Pizza & Brewery Inc. .,Ballast Point Brewing Company,American Amber / Red Ale,American Strong Ale,9.20%,10%
Good Medicine Strong Red Ale,Good People Stepchild Belgian India Red Ale,Great Northern Brewing Co. / Black Star Draught House,Good People Brewing Company,American Amber / Red Ale,India Pale Ale &#40; IPA &#41;,7.50%,7.80%
Tongue Buckler - Imperial Red Ale,Three Heads Buffalo Soul Jah Imperial Red Ale,Ballast Point Brewing Company,Custom Brewcrafters,American Amber / Red Ale,American Strong Ale,10.00%,9.20%
Tongue Buckler - Imperial Red Ale,Worthy Eruption Imperial Red Ale,Ballast Point Brewing Company,Worthy Brewing Company,American Amber / Red Ale,American Strong Ale,10.00%,8%
Amber Waves Ale,Capitol City Amber Waves Ale,Capitol City Brewing,Capitol City Brewing Company,American Amber / Red Ale,Amber Ale,5.40%,5.60%
Rocky Point Red Ale,Alley Kat Rocky Mountain Red Ale &#40; The Cheesecake Cafe &#41;,Revival Brewing Co. .,Alley Kat Brewing Company,American Amber / Red Ale,Irish Ale,5.50%,-
Big Red Ale,Big Bear Lake Sidewinder Red Ale,Red Car Brewery and Restaurant,Big Bear Lake Brewing Company,American Amber / Red Ale,Amber Ale,5.70%,8.50%
Alexander Keith 's Red Amber Ale,Hollywood Beach Red Tide Amber Ale,Alexander Keith 's,Hollywood Beach Brewing Company,American Amber / Red Ale,Amber Ale,5.00%,5.20%
Brass Ale Honey Amber,Salty Nut Bee Transfixed Honey Amber Ale,Great Storm Brewing Co. .,Salty Nut Brewery,American Amber / Red Ale,Amber Ale,5.30%,5.50%
Tongue Buckler ( Bourbon Barrel Aged ),23rd Street Pumpkin Ale Bourbon Barrel Aged,Ballast Point Brewing Company,23rd Street Brewery,American Amber / Red Ale,Specialty Grain,10.00%,-
Main Street Amber Ale,Thorn Street Smugglers Cove Agave Amber Ale,Fifty West Brewing Co,Thorn Street Brewery,American Amber / Red Ale,Amber Ale,4.60%,6.20%
Inception Series - Runnin ' With The Devil,18th Street Deal With the Devil Pale Ale,Nebraska Brewing Company,18th Street Brewery,American Barleywine,Imperial IPA,11.90%,8.50%
Sanibel Red Island Ale,Baranof Island Redoubt Red Ale,Point Ybel Brewing Company,Baranof Island Brewing Company,American Amber / Red Ale,Amber Ale,5.60%,6%
Red Rocket Amber Ale,Third Base Red Rocket Amber Ale,Third Base Sports Bar & Brewery,Third Base Sports Bar & Brewery,American Amber / Red Ale,Amber Ale,6.40%,4.60%
Red Rocket Amber Ale,Liberty Street Red Glare Amber Ale,Third Base Sports Bar & Brewery,Liberty Street Brewing Company,American Amber / Red Ale,Amber Ale,6.40%,5.20%
Three Beavers Imperial Red Ale,Lavery Imperial Red Ale &#40; IRA &#41;,Howe Sound Inn & Brewing Company,Lavery Brewing Company,American Amber / Red Ale,American Strong Ale,7.50%,8.20%
Elevator Barrel Aged Barley Wine ( Bar Bar ),Hopworks Bourbon Aged Noggin Floggin Barley Wine,Elevator Brewery & Draught Haus,Hopworks Urban Brewery,American Barleywine,Barley Wine,11.00%,9.50%
Bushfire American Red,Granite Falls Bushfire American Red Ale,Granite Falls Brewing Co. .,Granite Falls Brewing Company,American Amber / Red Ale,Amber Ale,5.00%,5%
Buffalo Soul Jah Imperial Red Ale,Pizza Port Rhino Chaser Imperial Red Ale,Three Heads Brewing,Pizza Port &#40; Ocean Beach &#41;,American Amber / Red Ale,American Strong Ale,9.20%,9.50%
Red Headed Slut Amber Ale,Blue Cat Red Toad Amber Ale,Twisted K-8 Brewing Company,Blue Cat Brew Pub,American Amber / Red Ale,Premium Bitter/ESB,6.50%,5.70%
Sierra Amber Ale,Sierra Andina Alpamayo Amber Ale,Silver Peak Restaurant & Brewery,Sierra Andina,American Amber / Red Ale,Amber Ale,4.50%,5.80%
Buck And Ball Double Amber Ale,Fox and Hound Red Fox Amber Ale,Natty Greene 's Pub & Brewing Co. .,Anheuser-Busch InBev,American Amber / Red Ale,Amber Ale,6.80%,5.10%
Green Lakes Organic Ale,Deschutes Green Lakes Non-Organic Ale,Deschutes Brewery,Deschutes Brewery,American Amber / Red Ale,Amber Ale,5.20%,6.40%
Starlord 's Mixtape / Groot Drank Imperial Red Ale,406 Imperial Red Ale,Charging Hippo Brewing Co. .,406 Brewing Company,American Amber / Red Ale,American Strong Ale,8.20%,9.20%
Starlord 's Mixtape / Groot Drank Imperial Red Ale,Lagunitas Imperial Red Ale,Charging Hippo Brewing Co. .,Lagunitas Brewing Company &#40; Heineken &#41;,American Amber / Red Ale,American Strong Ale,8.20%,7.80%
Rabbit Mountain Red Ale,Figueroa Mountain / Pizza Port Shark Lips Imperial Red Ale,300 Suns Brewing,Figueroa Mountain Brewing,American Amber / Red Ale,American Strong Ale,6.80%,8%
Easy Amber Ale,Upland Easy Chair Amber Ale,Scottsdale Beer Company,Upland Brewing Company,American Amber / Red Ale,Amber Ale,5.70%,5.60%
Legends Of The Bay Giant 's Tomb,Legends of the Bay Giant_s Tomb,Hockley Valley Brewing Co. .,Hockley Valley Brewing & Malting Company,American Amber / Red Ale,Amber Ale,5.00%,5%
Barrel Aged Imperial Red,Intuition Barrel Aged Riverside Red,Hale 's Ales Brewery & Pub,Intuition Ale Works,American Amber / Red Ale,Amber Ale,9.00%,7.80%
Barrel Aged Imperial Red,Kettle House Bourbon Barrel Road Rash Imperial Red Ale,Hale 's Ales Brewery & Pub,Kettle House Brewing Company,American Amber / Red Ale,American Strong Ale,9.00%,13%
Lower De Boom Barleywine,21st Amendment Bourbon Barrel Lower da Boom Barleywine,21st Amendment Brewery,21st Amendment Brewery,American Barleywine,Barley Wine,11.50%,9.50%
Ulysses Imperial Red Ale,Renegade Scarlett Letter Imperial Red Ale,Barley 's Brewing Company,Renegade Brewing Company,American Amber / Red Ale,American Strong Ale,-,8.50%
Amber Ale With Spanish Orange,Big Bear Mountain Orange Blossom Amber Ale,Dangerous Man Brewing,Big Bear Mountain Brewery,American Amber / Red Ale,Fruit Beer,6.00%,4.50%
Brew Kahuna NW Red Ale,Brew Bus Detour Series : Rollin Dirty Red Ale - Wood Aged,Sky High Brewing,Cigar City Brewing,American Amber / Red Ale,Irish Ale,5.20%,5%
Old Guardian Barley Wine Style Ale - Red Wine Barrel Aged,Brew Bus Detour Series : Rollin Dirty Red Ale - Wood Aged,Stone Brewing Co. .,Cigar City Brewing,American Barleywine,Irish Ale,11.20%,5%
Willoughby American Amber Ale,Willoughby American Amber Ale,Willoughby Brewing,Willoughby Brewing Co. .,American Amber / Red Ale,Amber Ale,4.90%,5.50%
Frost Quake Bourbon Barrel Aged Barley Wine,Lompoc Bourbon Barrel Aged Proletariat Red Ale,Wellington County Brewery,Lompoc Brewing,American Barleywine,Amber Ale,9.80%,6.40%
Ambleside Amber Ale,Bridge Ambleside Amber Ale - Pomegranate & Galena Hops,Bridge Brewing Company,Bridge Brewing Company,American Amber / Red Ale,Amber Ale,5.30%,5.30%
Mountain City Amber Ale,Fin City Jackspot Amber Ale,Tommyknocker Brewery,Fin City Brewing Company,American Amber / Red Ale,Amber Ale,5.40%,5.80%
Mountain City Amber Ale,Colorado Mountain Ole 59er Amber Ale,Tommyknocker Brewery,Colorado Mountain Brewery,American Amber / Red Ale,Amber Ale,5.40%,5.20%
Imperial Red Ale ( Spring Seasonal ),Ballast Point Tongue Buckler Imperial Red Ale,Edge Brewing Company,Ballast Point Brewing Company,American Amber / Red Ale,American Strong Ale,8.50%,10%
Heatwave Red Ale,La Quinta Brewing Co. . Heatwave Red Ale,La Quinta Brewing Co. .,La Quinta Brewing Co. .,American Amber / Red Ale,Amber Ale,6.00%,6%
Unite Red Rye Ale,Midnight Sun Unite Double Red Hot Ale &#40; 2015 &#41;,The Pike Brewing Company,Midnight Sun Brewing Company,American Amber / Red Ale,Amber Ale,4.60%,7.50%
Red Dread Imperial Red Ale,Two Brothers Revelry Imperial Red Ale,Bitter Root Brewing,Two Brothers Brewing Company,American Amber / Red Ale,American Strong Ale,8.24%,9.50%
Red Toad Amber Ale,Baird Red Rose Amber Ale,Blue Cat Brew Pub,Baird Brewing Co. .,American Amber / Red Ale,California Common,5.70%,5.40%
Red Dirt Imperial Red Ale,AleSmith YuleSmith &#40; Winter &#41; Imperial Red Ale,Wiley Roots Brewing Co,AleSmith Brewing Company,American Amber / Red Ale,American Strong Ale,8.20%,8.50%
Red Fox Amber Ale,Big Texan Texas Red Amber Ale,Rogue Ales,Big Texan Brewery,American Amber / Red Ale,Amber Ale,-,4.50%
Mount Washington Organic Amber Ale,Outpost Mr. Grain Jeans Organic Amber Ale,Peak Organic Brewing Company,Lakefront Brewery,American Amber / Red Ale,Amber Ale,-,5.50%
Imperial Moustache Red Ale,Phillips Double Dragon Imperial Red Ale,Salty Nut Brewery,Phillips Brewing Co. .,American Amber / Red Ale,American Strong Ale,6.00%,8.20%
Thomas Hooker Old Marley Barleywine,Thomas Hooker Old Marley Barleywine,Thomas Hooker Brewing Company,Thomas Hooker Brewing Company,American Barleywine,Barley Wine,10.00%,10%
Centurion Barleywine Ale,Golden City Centurion Barleywine Ale,Golden City Brewery,Golden City Brewery,American Barleywine,Barley Wine,-,11.20%
Red Ale Priprioca,Amazon Beer Priprioca Red Ale,Cervejaria Amaz_ ยด nia Ltda .,Amazon Beer,American Amber / Red Ale,Amber Ale,6.00%,6%
Big Red Balls,Hillcrest Big Red Balls,Hillcrest Brewing Company,Hillcrest Brewing Company,American Amber / Red Ale,Imperial IPA,8.00%,8%
Mountain Goat Fancy Pants Amber Ale,Breckenridge Mountain Series : Hoppy Amber Ale,Mountain Goat Beer Pty Ltd,Breckenridge Brewery,American Amber / Red Ale,Amber Ale,5.40%,6.10%
Alpine Mountain Amber Ale,Breckenridge Mountain Series : Hoppy Amber Ale,Beer By Design,Breckenridge Brewery,American Amber / Red Ale,Amber Ale,5.90%,6.10%
Hoppy Amber Ale ( Mountain Series ),Colorado Mountain Ole 59er Amber Ale,Breckenridge Brewery,Colorado Mountain Brewery,American Amber / Red Ale,Amber Ale,6.10%,5.20%
Hoppy Face Amber Ale,2nd Story Hoppy New Year Amber Ale,Hoppy Brewing Co. .,2nd Story Brewing Company,American Amber / Red Ale,Amber Ale,6.10%,5.70%
Bonehead Red Bourbon Barrel Aged Imperial Red,Andersonville Bourbon Barrel Aged Sour Gangster,Four Peaks Brewing Company - 8th Street Brewery,Andersonville Brewing Company,American Amber / Red Ale,Sour Red/Brown,8.00%,5.50%
Red Rose Amber Ale,Upland Rad Red Amber Ale,Baird Brewing Company / Fishmarket Taproom,Upland Brewing Company,American Amber / Red Ale,Amber Ale,5.40%,5.60%
Freedom Bridge Amber Ale,Bridge Ambleside Amber Ale - Pomegranate & Galena Hops,Barley Brothers Brewery & Grill,Bridge Brewing Company,American Amber / Red Ale,Amber Ale,-,5.30%
Buckleys Original Ale,Buckleys Original Ale,Buckley 's Beers,Yarra Flats Brewery,American Amber / Red Ale,English Pale Ale,4.50%,4.90%
Barrel Aged Red Ale,Riverbend Barrel Aged Right Said Red,BearWaters Brewing Co. .,Riverbend Brewing & Sports Pub,American Amber / Red Ale,American Strong Ale,6.70%,9.20%
Double Dread Imperial Red Ale,Kinetic Infrared Imperial Red Ale,Mad River Brewing Company,Kinetic Brewing Company,American Amber / Red Ale,American Strong Ale,8.60%,9.30%
Double Dragon Imperial Red Ale,Yukon You Only Live Once Imperial Red Ale,Phillips Brewing Company,Yukon Brewing Company,American Amber / Red Ale,Amber Ale,8.20%,7.50%
Saint Gleason Imperial Red Ale,Yukon You Only Live Once Imperial Red Ale,Abita Brewing Co. .,Yukon Brewing Company,American Amber / Red Ale,Amber Ale,-,7.50%
Indian Red Head,Catawba Valley Indian Head Red,Catawba Brewing Co. .,Catawba Valley Brewing Company,American Amber / Red Ale,Amber Ale,5.00%,5%
Saint Gleason Imperial Red Ale,Renegade Scarlett Letter Imperial Red Ale,Abita Brewing Co. .,Renegade Brewing Company,American Amber / Red Ale,American Strong Ale,-,8.50%
Bourbon Barrel Ro Shampo Imperial Red Ale,Renegade Scarlett Letter Imperial Red Ale,Figure 8 Brewing,Renegade Brewing Company,American Amber / Red Ale,American Strong Ale,-,8.50%
Old Detroit Amber Ale,Maldita Old Continent American Amber Ale,Frankenmuth Brewery,Faustino Microcervejeira,American Amber / Red Ale,Amber Ale,5.60%,6%
Ale Mania Imperial Red Ale,Kern River Dirty Hippie Imperial Red Ale,Ale-Mania,Kern River Brewing,American Amber / Red Ale,American Strong Ale,9.50%,8%
Ale Mania Imperial Red Ale,Worthy Eruption Imperial Red Ale,Ale-Mania,Worthy Brewing Company,American Amber / Red Ale,American Strong Ale,9.50%,8%
Three Beavers Imperial Red Ale,Worthy Eruption Imperial Red Ale,Howe Sound Inn & Brewing Company,Worthy Brewing Company,American Amber / Red Ale,American Strong Ale,7.50%,8%
Radeau Red Ale,Coopers Cave Radeau Red Ale,Cooper 's Cave Ale Company,Coopers Cave Ale Company,American Amber / Red Ale,Irish Ale,5.50%,-
Monkey King Amber Ale,RJ King Wingwalker Amber Ale,Moonzen Brewery,Genesee Brewing Company &#40; North American Breweries &#41;,American Amber / Red Ale,Oktoberfest/M _ $ rzen,5.00%,4.50%
Big Red Hoppy Barn,21st Amendment Big Hoppy Red Bird,Westfield River Brewing Company,21st Amendment Brewery,American Amber / Red Ale,Amber Ale,9.50%,7.10%
Big V Amber Ale,Big Bear Mountain Orange Blossom Amber Ale,FreeWheel Brewing Company,Big Bear Mountain Brewery,American Amber / Red Ale,Fruit Beer,4.00%,4.50%
Hop Around Imperial Red Ale,Oak Creek King Crimson Imperial Red Ale,Big Bay Brewing Co. .,Oak Creek Brewing Co. .,American Amber / Red Ale,American Strong Ale,9.00%,9.50%
Hop Around Imperial Red Ale,Figueroa Mountain / Pizza Port Shark Lips Imperial Red Ale,Big Bay Brewing Co. .,Figueroa Mountain Brewing,American Amber / Red Ale,American Strong Ale,9.00%,8%
Channary Imperial Red Ale,Two Brothers Revelry Imperial Red Ale,Narrows Brewing Co. .,Two Brothers Brewing Company,American Amber / Red Ale,American Strong Ale,9.40%,9.50%
Double Red Hot Ale,Below Grade Super Duty Double Red Ale,Midnight Sun Brewing Co. .,Below Grade Brewing LLC,American Amber / Red Ale,American Strong Ale,7.57%,7.70%
Crater Lake Amber Ale,Flathead Lake Dock Start Amber Ale,Klamath Basin Brewing Co. - The Creamery Brew Pub And Grill,Flathead Lake Brewing Company,American Amber / Red Ale,Amber Ale,6.00%,5.60%
American India Red Ale,Lofty Zeb_s American Red Ale,Black Shirt Brewing Co. .,Lofty Brewing Company,American Amber / Red Ale,Amber Ale,7.18%,5.40%
Fresh Hop Red,Laurelwood Fresh Hop Free Range Red &#40; Amarillo &#41;,Liquid Mechanics Brewing Co. .,Laurelwood Public House & Brewery,American Amber / Red Ale,Amber Ale,7.40%,6.10%
Escanaba River Amber Ale,Piney River McKinney Eddy Amber Ale,Dead Bear Brewing Co. .,Piney River Brewing Company,American Amber / Red Ale,Amber Ale,5.76%,-
5 Star Amber Ale,The Civil Life Stevie_s 5 Star Amber Ale,The Civil Life Brewing Company,The Civil Life Brewing Company,American Amber / Red Ale,Amber Ale,5.00%,5%
46 Star Oklahoma Amber Ale,The Civil Life Stevie_s 5 Star Amber Ale,Bricktown Brewery,The Civil Life Brewing Company,American Amber / Red Ale,Amber Ale,-,5%
The Unforgiven Amber Ale,The Civil Life Stevie_s 5 Star Amber Ale,Rush River Brewing Company,The Civil Life Brewing Company,American Amber / Red Ale,Amber Ale,5.80%,5%
Boundary Bay Amber Ale,Half Moon Bay Mavericks Amber Ale,Boundary Bay Brewery & Bistro,Half Moon Bay Brewing Company,American Amber / Red Ale,Amber Ale,-,4.80%
Killer Red Fresh Hop India Red Ale,Central City Red Racer India Style Red Ale,Double Mountain Brewery & Taproom,Central City Brewers + Distillers,American Amber / Red Ale,Irish Ale,7.20%,5.50%
Killer Red Fresh Hop India Red Ale,8 Wired Tall Poppy India Red Ale,Double Mountain Brewery & Taproom,Renaissance Brewing,American Amber / Red Ale,Amber Ale,7.20%,7%
Buffalo Soul Jah Imperial Red Ale,Lagunitas Imperial Red Ale,Three Heads Brewing,Lagunitas Brewing Company &#40; Heineken &#41;,American Amber / Red Ale,American Strong Ale,9.20%,7.80%
Alaskan Imperial Red Ale ( Pilot Series ),Lagunitas Imperial Red Ale,Alaskan Brewing Co. .,Lagunitas Brewing Company &#40; Heineken &#41;,American Amber / Red Ale,American Strong Ale,8.50%,7.80%
Big Axe Red Ale,Big Island Red Giant Ale,Big Axe Brewing Company,Big Island Brewhaus,American Amber / Red Ale,American Strong Ale,6.80%,6.50%
The Live Bait Amber Ale,BNS The Hills Have Eyes Amber Ale,Mudhook Brewing Company,BNS Brewing & Distilling,American Amber / Red Ale,Amber Ale,6.00%,5.20%
Rock Steady Red,Acoustic Rock Steady Red Cider,The Rock Wood Fire Pizza & Brewery,Acoustic Brewing Company,American Amber / Red Ale,Cider,5.00%,6%
Bourbon Barrel Ro Shampo Imperial Red Ale,Fulton The Libertine Imperial Red Ale - Heaven Hill Rye Whiskey Barrel Aged,Figure 8 Brewing,Fulton Beer Company,American Amber / Red Ale,American Strong Ale,-,8.50%
Bourbon Barrel Ro Shampo Imperial Red Ale,Legacy Bourbon Barrel Hedonism Red,Figure 8 Brewing,Legacy Brewing,American Amber / Red Ale,American Strong Ale,-,7.10%
Red 's Heaven 15th Anniversary Imperial Red Ale,Austin Beerworks Battle Axe Imperial Red Ale,Flying Bison Brewing Company,Austin Beerworks,American Amber / Red Ale,American Strong Ale,8.30%,8%
Red 's Heaven 15th Anniversary Imperial Red Ale,Knee Deep McCarthy_s Bane Imperial Red Ale,Flying Bison Brewing Company,Knee Deep Brewing Company,American Amber / Red Ale,American Strong Ale,8.30%,8%
Simeon Jones River Valley Amber Ale,Metolius River Ales Rusty Spinner Amber Ale,Picaroons Brewing Co. .,Genesee Brewing Company &#40; North American Breweries &#41;,American Amber / Red Ale,Amber Ale,4.50%,5.10%
Red Shedman 's Imperial Amber Ale,Boxing Cat Firecracker Imperial Red Ale,57 Brew Pub & Bistro,Boxing Cat Brewery,American Amber / Red Ale,Amber Ale,7.60%,6.60%
Spencer Creek Amber Ale,Ruby Mountain Angel Creek Amber Ale,Mia & Pia 's Pizzeria And Brewhouse,Ruby Mountain Brewing Company,American Amber / Red Ale,Amber Ale,5.50%,-
Rock River Red Ale,Boxing Rock Temptation Red Ale,Berghoff Brewery,Boxing Rock Brewing Company,American Amber / Red Ale,Amber Ale,-,6%
AmEn ! Barleywine - Barrel Aged,Tighthead Barrel Aged Old Kaya Dog Barleywine,Cahoots Brewing,Tighthead Brewing Company,American Barleywine,Barley Wine,11.10%,10.30%
British Knight Scotch Red Ale,Oskar Blues British Knight Scotch Red Ale,Oskar Blues Grill & Brew,Oskar Blues Brewery,American Amber / Red Ale,Scottish Ale,7.40%,7.40%
Climax Noel - Imperial Red Ale,Edge Imperial Red Ale &#40; Spring Seasonal &#41;,Eel River Brewing Co. .,Edge Brewing Company,American Amber / Red Ale,American Strong Ale,9.20%,8.50%
Rhino Chaser Imperial Red Ale,Edge Imperial Red Ale &#40; Spring Seasonal &#41;,Pizza Port Solana Beach,Edge Brewing Company,American Amber / Red Ale,American Strong Ale,9.50%,8.50%
Climax Noel - Imperial Red Ale,Rusty Truck Stupiphany Imperial Red Ale,Eel River Brewing Co. .,Rusty Truck Brewing / Roadhouse 101,American Amber / Red Ale,American Strong Ale,9.20%,8%
Deputation Imperial Red Ale,Rock Bottom Orland Park King of Hearts Imperial Red Ale,Brannon 's Pub and Brewery,Rock Bottom Orland Park,American Amber / Red Ale,American Strong Ale,8.00%,7.60%
Red RYEding Hood,Chapman_s Red RYEding Hood,Chapman 's Brewing Company,Chapman_s Brewing Company,American Amber / Red Ale,Specialty Grain,10.00%,10%
Stone Liberty Station Outbreak Series : Red Ale,Brew Bus Detour Series : Rollin Dirty Red Ale - Wood Aged,Stone Brewing Co. .,Cigar City Brewing,American Amber / Red Ale,Irish Ale,7.00%,5%
San Marcos Red Amber Ale,Fish Rock Red Emperor Amber Ale,San Marcos Brewery & Grill,Australian Independent Brewers,American Amber / Red Ale,Amber Ale,5.90%,4.50%
Flying Monkey Amber Ale,Flying Monkeys Amber Ale,Flying Monkey Brewing Company,Flying Monkeys Craft Brewery,American Amber / Red Ale,Amber Ale,4.60%,5%
Oak-Aged Backburner ( Imperial Barley Wine Style Ale ),Amsterdam X Sawdust City X Great Lakes X Indie Ale Barley Wine &#40; Oak &#41;,Southern Tier Brewing Company,Amsterdam Brewing Company,American Barleywine,Barley Wine,9.60%,10%
Kickin ' Chicken Bourbon Barrel Barley Wine,Elevator Barrel Aged Barley Wine,Santa Fe Brewing Company,Elevator Brewing Company,American Barleywine,Barley Wine,12.00%,-
JT Schmid 's Emil 's Amber Ale,JT Schmids Emils Amber Ale,JT Schmid 's Restaurant & Brewery,JT Schmids Brewhouse & Eatery,American Amber / Red Ale,Amber Ale,5.20%,5.20%
Ole ' Redbeard Barleywine ( Bourbon Barrel Aged ),Columbus Bourbon Barrel Aged Uncle Rusty,Fitger 's Brewhouse,Columbus Brewing Company,American Barleywine,American Strong Ale,-,-
Old Guardian Barley Wine Style Ale - Bourbon Barrel Aged,Columbus Bourbon Barrel Aged Uncle Rusty,Stone Brewing Co. .,Columbus Brewing Company,American Barleywine,American Strong Ale,11.20%,-
Wobbly Red Ale,Crannog Wobbly Toddler Red Milk Ale,Dirty Hands Brewing Company,Crannog Ales,American Amber / Red Ale,English Strong Ale,5.90%,7.50%
Revenuers Red Ale,Catawba Valley Revenuers Red Ale,Catawba Brewing Co. .,Catawba Valley Brewing Company,American Amber / Red Ale,Irish Ale,5.20%,5.20%
Sierra Amber Ale,Chy_e Sierra Amber Ale,Silver Peak Restaurant & Brewery,Zamecky Pivovar Chy_e,American Amber / Red Ale,Amber Ale,4.50%,5.30%
Redeemer Imperial Red Ale,Laguna Beach Grateful Red Imperial Red Ale,Boston Beer Works - Canal Street,Laguna Beach Brewing,American Amber / Red Ale,American Strong Ale,8.20%,11%
Red Toad Amber Ale,Trailhead Red Amber Ale,Blue Cat Brew Pub,Trailhead Brewing Co. .,American Amber / Red Ale,Amber Ale,5.70%,-
S : t Eriks Unite Red Ale,Daytona Beach FL Wildflower Unite Red Ale,S : t Eriks Bryggeri,Daytona Beach Brewing Company,American Amber / Red Ale,Amber Ale,4.60%,5.90%
Creeper Trail Amber Ale,Black Diamond Steep Trail Amber Ale,Wolf Hills Brewing Company,Black Diamond Brewing Company,American Amber / Red Ale,Amber Ale,4.80%,5.70%
Alexander Keith 's Red Amber Ale,Swashbuckler Red Sea Amber Ale,Alexander Keith 's,Swashbuckler Brewing Company,American Amber / Red Ale,Amber Ale,5.00%,-
MovAmber Moustache Ale,Bull City Movamber Moustache Ale,Bull City Burger And Brewery,Bull City Burger and Brewery,American Amber / Red Ale,Amber Ale,-,-
Hooligan Amber Ale,Bentley Hooligan Amber Ale,Bentley Brewing Company / Dark Horse Tavern,Bentley Brewing Co. / Dark Horse Tavern,American Amber / Red Ale,Amber Ale,6.00%,6%
Commander Clifford _ _ s Imperial Red Ale,Proof Abandoned Planet Imperial Red Ale,The Wrecking Bar Brewpub,Proof Brewing Company,American Amber / Red Ale,Amber Ale,9.00%,7.50%
Bourbon Barrel Aged Behemoth With Cherries,Lompoc Bourbon Barrel Aged Old Tavern Rat,3 Floyds Brewing Co. .,Lompoc Brewing,American Barleywine,Barley Wine,12.50%,9.70%
John Barleycorn - Bourbon Barrel Aged,Actual Bourbon Barrel Aged Elektron,Mad River Brewing Company,Actual Brewing Company,American Barleywine,Amber Ale,12.50%,7.30%
Bitter Orange Blossom,I & I Bitter Orange Blossom,I & I Brewing,I & I Brewing,American Amber / Red Ale,Amber Ale,5.30%,5.30%
Red Rock Amber Ale,Elk Mountain Rock Slide Amber Ale,OPA-OPA Steakhouse & Brewery,Elk Mountain Brewing Company,American Amber / Red Ale,Amber Ale,6.00%,5.50%
Fire Brew Red Ale,Conshohocken Hale Fire Red Ale,Minhas Craft Brewery,Conshohocken Brewing Co. .,American Amber / Red Ale,Amber Ale,5.50%,6.60%
Willimantic Riverfest Red,Willimantic Riverfest Red Ale,Willimantic Brewing Co. .,Willimantic Brewing Company,American Amber / Red Ale,Amber Ale,5.20%,5.20%
Buffalo Trace Bourbon Barrel Aged Amber Ale,Bull & Barrel Session Style - Amber Ale,Wolf Hills Brewing Company,Bull & Barrel Brew Pub,American Amber / Red Ale,Amber Ale,-,4.70%
Fresh Hopped Harvest Ale,10 Barrel Crosby Farms Harvest Fresh Hop Ale,Big Al Brewing,10 Barrel Brewing &#40; AB InBev &#41;,American Amber / Red Ale,India Pale Ale &#40; IPA &#41;,-,5.50%
Oatmeal Raisin Cookie Ale,Aftershock Oatmeal Raisin Cookie Ale,Bluebird Microcreamery & Brewery,Aftershock Brewing Company,American Amber / Red Ale,Golden Ale/Blond Ale,5.90%,5.50%
Premium Red Ale,Ranga Premium Red Ale,Uehara Shuzou Co. Ltd. / Echigo Beer Pub,Southern Bay Brewing Company,American Amber / Red Ale,Amber Ale,6.00%,4.50%
Red Curry Ale,Hideout Red Curry Ale,Hideout Brewing Company,The Hideout Brewing Company,American Amber / Red Ale,Amber Ale,5.50%,-
Rabbit Punch Irish Red Ale,300 Suns Rabbit Mountain Red Ale,Ram Restaurant & Brewery,300 Suns Brewing,American Amber / Red Ale,Amber Ale,5.70%,6%
Old Blarney Barleywine - Bourbon Barrel Aged,21st Amendment Bourbon Barrel Lower da Boom Barleywine,Moylan 's Brewery,21st Amendment Brewery,American Barleywine,Barley Wine,10.00%,9.50%
Sledgehammer Imperial Red Ale,Laurelwood Organic Deranger Imperial Red Ale,Cambridge Brewing Company,Laurelwood Public House & Brewery,American Amber / Red Ale,American Strong Ale,7.75%,8.60%
Legends Of The Bay Giant 's Tomb,Legends of the Bay Ghosts of Hope Island,Hockley Valley Brewing Co. .,Hockley Valley Brewing & Malting Company,American Amber / Red Ale,Amber Ale,5.00%,5%